{
  "names": [
    "V13.5",
    "V13.5_exp",
    "V15",
    "V15.1"
  ],
  "results": {
    "V13.5": {
      "V13.5": null,
      "V13.5_exp": [
        103,
        97,
        0
      ],
      "V15": [
        105,
        95,
        0
      ],
      "V15.1": [
        102,
        98,
        0
      ]
    },
    "V13.5_exp": {
      "V13.5": [
        97,
        103,
        0
      ],
      "V13.5_exp": null,
      "V15": [
        106,
        94,
        0
      ],
      "V15.1": [
        97,
        103,
        0
      ]
    },
    "V15": {
      "V13.5": [
        95,
        105,
        0
      ],
      "V13.5_exp": [
        94,
        106,
        0
      ],
      "V15": null,
      "V15.1": [
        109,
        91,
        0
      ]
    },
    "V15.1": {
      "V13.5": [
        98,
        102,
        0
      ],
      "V13.5_exp": [
        103,
        97,
        0
      ],
      "V15": [
        91,
        109,
        0
      ],
      "V15.1": null
    }
  },
  "aggregates": [
    {
      "name": "V13.5",
      "wr": 51.666666666666664,
      "wins": 310,
      "games": 600
    },
    {
      "name": "V13.5_exp",
      "wr": 50.0,
      "wins": 300,
      "games": 600
    },
    {
      "name": "V15",
      "wr": 49.666666666666664,
      "wins": 298,
      "games": 600
    },
    {
      "name": "V15.1",
      "wr": 48.666666666666664,
      "wins": 292,
      "games": 600
    }
  ],
  "games_per_orientation": 100,
  "elapsed_min": 9.581882385412852,
  "device": "cpu"
}