{
  "meta": {
    "games_per_pair": 30,
    "seed": 42,
    "bot_names": [
      "Expert",
      "Expectimax",
      "MCTSPure",
      "MCTSHighSim"
    ]
  },
  "pairs": [
    {
      "a": "Expert",
      "b": "Expectimax",
      "n_games": 30,
      "a_wins": 5,
      "b_wins": 25,
      "draws": 0,
      "a_wr_pct": 16.666666666666664,
      "b_wr_pct": 83.33333333333334,
      "avg_length": 157.3,
      "elapsed_sec": 2.4202466011047363,
      "pair": [
        "Expert",
        "Expectimax"
      ]
    },
    {
      "a": "Expert",
      "b": "MCTSPure",
      "n_games": 30,
      "a_wins": 11,
      "b_wins": 19,
      "draws": 0,
      "a_wr_pct": 36.666666666666664,
      "b_wr_pct": 63.33333333333333,
      "avg_length": 156.13333333333333,
      "elapsed_sec": 125.27082896232605,
      "pair": [
        "Expert",
        "MCTSPure"
      ]
    },
    {
      "a": "Expert",
      "b": "MCTSHighSim",
      "n_games": 30,
      "a_wins": 17,
      "b_wins": 13,
      "draws": 0,
      "a_wr_pct": 56.666666666666664,
      "b_wr_pct": 43.333333333333336,
      "avg_length": 152.63333333333333,
      "elapsed_sec": 260.3579423427582,
      "pair": [
        "Expert",
        "MCTSHighSim"
      ]
    }
  ]
}