{"step": 64200, "cycle": 69, "epoch": 1, "total_cycles": 100, "epochs_per_cycle": 2, "total_samples_trained": 65740800, "policy_loss": 0.21396756852002738, "value_loss": 0.6379312134008803, "samples_per_sec": 86920.5989176511, "duration_sec": 756.331650018692, "buffer_gb": 8.0, "timestamp": 1770368883.8328168}