{"step": 81550, "cycle": 95, "epoch": 2, "total_cycles": 133, "epochs_per_cycle": 2, "total_samples_trained": 83507200, "policy_loss": 0.2068081440653388, "value_loss": 0.6208428841876232, "samples_per_sec": 22610.747604531316, "duration_sec": 3693.2524948120117, "buffer_gb": 6.0, "timestamp": 1770478726.4462569}