{"step": 85450, "cycle": 100, "epoch": 1, "total_cycles": 100, "epochs_per_cycle": 2, "total_samples_trained": 87500800, "policy_loss": 0.21093156587693, "value_loss": 0.6483238435560658, "samples_per_sec": 116963.79392106284, "duration_sec": 748.1015882492065, "buffer_gb": 8.0, "timestamp": 1770514154.255275}