{"step": 64650, "cycle": 70, "epoch": 1, "total_cycles": 100, "epochs_per_cycle": 2, "total_samples_trained": 66201600, "policy_loss": 0.20568020853651575, "value_loss": 0.5988817270979824, "samples_per_sec": 83566.24399048573, "duration_sec": 792.2050440311432, "buffer_gb": 8.0, "timestamp": 1770372715.1259232}